{"cameraMode":{"drawMode":0,"name":"Shaded","section":"Shading Mode"},"sceneLighting":false,"audioPlay":false,"sceneViewState":{"m_AlwaysRefresh":false,"showFog":true,"showSkybox":false,"showFlares":true,"showImageEffects":true,"showParticleSystems":true,"showVisualEffectGraphs":true,"m_FxEnabled":true},"in2DMode":false,"pivot":{"x":16.279998779296876,"y":9.369999885559082,"z":-18.959999084472658},"rotation":{"x":0.12387143820524216,"y":-0.06989700347185135,"z":0.00874702725559473,"w":0.9898051023483276},"size":0.8660253882408142,"orthographic":true}